BFS_NR_GEMEINDE;GEMEINDE_NAME;Jahr;Abschoepfung_in_CHF;Auszahlung_Mindestausstattung_in_CHF;Lastenausgleich_Sozialhilfe_in_CHF;Lastenausgleich_Flaeche_in_CHF;Lastenausgleich_Besondere_Belastungen_in_CHF;Auszahlung_Abschoepfung_in_CHF
4551;Aadorf;2017; ;; ; ;; 
4711;Affeltrangen;2017; ;-215490;-40208; ;;-255698
4641;Altnau;2017; ;; ; ;; 
4881;Amlikon-Bissegg;2017; ;; ;-239384;;-239384
4461;Amriswil;2017; ;-2307000;-212688; ;;-2519688
4401;Arbon;2017; ;-427680;-2594592; ;-500000;-3522272
4536;Basadingen-Schlattingen;2017; ;-79593; ;-41653;;-121246
4891;Berg;2017; ;; ; ;; 
4801;Berlingen;2017;60767;; ; ;;60767
4716;Bettwiesen;2017; ;;-9376; ;;-9376
4721;Bichelsee-Balterswil ;2017; ;; ; ;; 
4901;Birwinken;2017; ;-482390; ;-184506;;-666896
4471;Bischofszell;2017; ;; ; ;; 
4643;Bottighofen;2017;990064;; ; ;;990064
4723;Braunau;2017; ;-14650; ; ;;-14650
4911;Bürglen ;2017; ;; ; ;; 
4921;Bussnang;2017;17134;; ; ;;17134
4545;Diessenhofen;2017; ;; ; ;; 
4406;Dozwil;2017; ;-103089; ; ;;-103089
4411;Egnach;2017; ;; ; ;; 
4476;Erlen;2017; ;-446683; ; ;;-446683
4646;Ermatingen;2017;421784;; ; ;;421784
4806;Eschenz;2017; ;; ;-31666;;-31666
4724;Eschlikon;2017;25544;; ; ;;25544
4561;Felben-Wellhausen;2017; ;; ; ;; 
4726;Fischingen;2017; ;; ;-493120;;-493120
4566;Frauenfeld ;2017;504104;;-801856; ;;-297752
4571;Gachnang;2017;33755;; ; ;;33755
4651;Gottlieben;2017;84413;; ; ;;84413
4656;Güttingen;2017; ;; ; ;; 
4486;Hauptwil-Gottshaus;2017; ;-310842; ; ;;-310842
4416;Hefenhofen;2017; ;;-39776; ;;-39776
4811;Herdern;2017; ;; ;-211761;;-211761
4495;Hohentannen;2017; ;-109967; ;-123579;;-233546
4816;Homburg;2017; ;; ;-353510;;-353510
4421;Horn;2017;253403;; ; ;;253403
4590;Hüttlingen;2017; ;-137770; ;-69304;;-207074
4821;Hüttwilen;2017; ;; ; ;; 
4666;Kemmental;2017; ;; ;-315946;;-315946
4426;Kesswil;2017;3619;; ; ;;3619
4501;Kradolf-Schönenberg;2017; ;-384308; ; ;;-384308
4671;Kreuzlingen;2017;136631;;-1809108; ;;-1672477
4681;Langrickenbach;2017; ;-284705;-51160;-147085;;-482950
4683;Lengwil;2017; ;; ; ;; 
4741;Lommis;2017; ;; ; ;; 
4826;Mammern;2017;50755;; ; ;;50755
4941;Märstetten;2017; ;; ; ;; 
4591;Matzingen;2017; ;;; ;; 
4831;Müllheim;2017; ;; ; ;; 
4746;Münchwilen;2017; ;; ; ;; 
4691;Münsterlingen;2017;231702;; ; ;;231702
4601;Neunforn;2017;46523;; ; ;;46523
4841;Pfyn ;2017; ;-8355; ;-44689;;-53044
4846;Raperswilen;2017; ;-9540; ;-98923;;-108463
4751;Rickenbach;2017; ;;-99648; ;;-99648
4431;Roggwil;2017;23753;; ; ;;23753
4436;Romanshorn;2017; ;-323100; ; ;;-323100
4851;Salenstein;2017;591712;; ; ;;591712
4441;Salmsach;2017; ;-382556;-11608; ;;-394164
4546;Schlatt ;2017; ;-19967; ; ;;-19967
4756;Schönholzerswilen;2017; ;-200395; ;-173673;;-374068
4761;Sirnach ;2017; ;; ; ;; 
4446;Sommeri;2017; ;-160692; ;-34093;;-194785
4864;Steckborn;2017; ;; ; ;; 
4606;Stettfurt;2017;79101;; ; ;;79101
4506;Sulgen;2017; ;; ; ;; 
4696;Tägerwilen;2017;187264;; ; ;;187264
4611;Thundorf;2017; ;; ;-164429;;-164429
4776;Tobel-Tägerschen;2017; ;-236789; ; ;;-236789
4616;Uesslingen-Buch;2017;871;; ;-111263;;-110392
4451;Uttwil;2017;110282;; ; ;;110282
4871;Wagenhausen ;2017; ;-158619; ;-45650;;-204269
4701;Wäldi ;2017; ;; ;-96600;;-96600
4781;Wängi ;2017; ;; ; ;; 
4621;Warth-Weiningen ;2017;374176;; ; ;;374176
4946;Weinfelden;2017;-905;; ; ;; 
4951;Wigoltingen ;2017; ;-16027; ;-110860;;-126887
4786;Wilen;2017; ;; ; ;; 
4791;Wuppenau;2017; ;-65771; ;-145930;;-211701
4511;Zihlschlacht-Sitterdorf ;2017;557920;; ; ;;557920
4551;Aadorf;2016; ;; ; ;;
4711;Affeltrangen;2016; ;-262986; ; ;;-262986
4641;Altnau;2016; ;; ; ;;
4881;Amlikon-Bissegg;2016; ;; ;-212520;;-212520
4461;Amriswil;2016; ;-2784882;-104376; ;;-2889258
4401;Arbon;2016; ;-319140;-1248192; ;-600000;-2167332
4536;Basadingen-Schlattingen;2016; ;-99024; ;-67537;;-166560
4891;Berg;2016; ;; ; ;;
4801;Berlingen;2016;49707;; ; ;;49707
4716;Bettwiesen;2016; ;; ; ;;
4721;Bichelsee-Balterswil ;2016; ;; ; ;;
4901;Birwinken;2016; ;-523118; ;-155710;;-678828
4471;Bischofszell;2016; ;; ; ;;
4643;Bottighofen;2016;900462;; ; ;;900462
4723;Braunau;2016; ;-20406; ;-34638;;-55044
4911;Bürglen ;2016; ;; ; ;;
4921;Bussnang;2016;25733;; ;-52026;;-26293
4545;Diessenhofen;2016; ;; ; ;;
4406;Dozwil;2016; ;-40826; ; ;;-40826
4411;Egnach;2016; ;; ; ;;
4476;Erlen;2016; ;-293872; ; ;;-293872
4646;Ermatingen;2016;340776;; ; ;;340776
4806;Eschenz;2016; ;; ;-43491;;-43491
4724;Eschlikon;2016;12622;; ; ;;12622
4561;Felben-Wellhausen;2016; ;; ; ;;
4726;Fischingen;2016; ;; ;-485392;-125000;-610392
4566;Frauenfeld ;2016;567622;;-791456; ;;-223834
4571;Gachnang;2016;37234;; ; ;;37234
4651;Gottlieben;2016;77159;; ; ;;77159
4656;Güttingen;2016; ;; ; ;;
4486;Hauptwil-Gottshaus;2016; ;-249446; ; ;;-249446
4416;Hefenhofen;2016; ;-13899;-49200; ;;-63099
4811;Herdern;2016; ;; ;-209277;;-209277
4495;Hohentannen;2016; ;-136048; ;-126684;;-262732
4816;Homburg;2016; ;; ;-347300;;-347300
4421;Horn;2016;235190;; ; ;;235190
4590;Hüttlingen;2016; ;-143707; ;-94382;;-238089
4821;Hüttwilen;2016; ;; ;-67016;;-67016
4666;Kemmental;2016; ;; ;-326387;;-326387
4426;Kesswil;2016;1232;; ; ;;1232
4501;Kradolf-Schönenberg;2016; ;-499626; ; ;;-499626
4671;Kreuzlingen;2016;67980;;-1547928; ;;-1479948
4681;Langrickenbach;2016; ;-315952;-40768;-146510;;-503230
4683;Lengwil;2016; ;; ; ;;
4741;Lommis;2016; ;; ;-14088;;-14088
4826;Mammern;2016;58265;; ;-17969;;40296
4941;Märstetten;2016; ;; ; ;;
4591;Matzingen;2016; ;;; ;;
4831;Müllheim;2016; ;; ; ;;
4746;Münchwilen;2016; ;; ; ;;
4691;Münsterlingen;2016;202430;; ; ;;202430
4601;Neunforn;2016;43609;; ;-44022;;-413
4841;Pfyn ;2016; ;; ;-44436;;-44436
4846;Raperswilen;2016; ;-42907; ;-100188;;-143095
4751;Rickenbach;2016; ;;-154896; ;;-154896
4431;Roggwil;2016;16745;; ; ;;16745
4436;Romanshorn;2016; ;-242269; ; ;;-242269
4851;Salenstein;2016;587722;;-10248; ;;577474
4441;Salmsach;2016; ;-352883; ; ;;-352883
4546;Schlatt ;2016; ;-14494; ;-56822;;-71315
4756;Schönholzerswilen;2016; ;-222708; ;-128982;;-351690
4761;Sirnach ;2016; ;; ; ;;
4446;Sommeri;2016; ;-145444; ;-44252;;-189696
4864;Steckborn;2016; ;; ; ;;
4606;Stettfurt;2016;65457;; ; ;;65457
4506;Sulgen;2016; ;-54956; ; ;;-54956
4696;Tägerwilen;2016;183688;; ; ;;183688
4611;Thundorf;2016; ;; ;-178054;;-178054
4776;Tobel-Tägerschen;2016; ;-246687; ; ;;-246687
4616;Uesslingen-Buch;2016; ;; ;-191082;;-191082
4451;Uttwil;2016;88104;; ; ;;88104
4871;Wagenhausen ;2016; ;-172216; ;-24035;;-196251
4701;Wäldi ;2016; ;; ;-119255;;-119255
4781;Wängi ;2016; ;; ; ;;
4621;Warth-Weiningen ;2016;277766;; ; ;;277766
4946;Weinfelden;2016;-9096;; ; ;;-9096
4951;Wigoltingen ;2016; ;; ;-108974;;-108974
4786;Wilen;2016; ;; ; ;;
4791;Wuppenau;2016; ;-141176; ;-153272;;-294448
4511;Zihlschlacht-Sitterdorf ;2016;492010;; ; ;;492010
4551;Aadorf;2015; ;; ; ;;
4711;Affeltrangen;2015; ;-314948; ; ;;-314948
4641;Altnau;2015; ;; ; ;;
4881;Amlikon-Bissegg;2015; ;-85533; ;-208334;-30000;-323867
4461;Amriswil;2015; ;-2647107;-101592; ;;-2748699
4401;Arbon;2015;;-209790;-1230768; ;-250000;-1690558
4536;Basadingen-Schlattingen;2015; ;-56147; ;-102005;;-158152
4891;Berg;2015; ;; ; ;;
4801;Berlingen;2015;34487;; ; ;;34487
4716;Bettwiesen;2015;3797;; ; ;;3797
4721;Bichelsee-Balterswil ;2015; ;; ; ;;
4901;Birwinken;2015; ;-470557; ;-154215;;-624772
4471;Bischofszell;2015; ;; ; ;;
4643;Bottighofen;2015;805418;;-16928; ;;788490
4723;Braunau;2015; ;-78822; ;-69460;;-148282
4911;BŸrglen ;2015; ;;-28536; ;;-28536
4921;Bussnang;2015;45569;; ;-101706;;-56137
4545;Diessenhofen;2015;10617;;-85104; ;;-74487
4406;Dozwil;2015; ;-48850; ; ;;-48850
4411;Egnach;2015; ;; ; ;;
4476;Erlen;2015; ;-448920; ; ;;-448920
4646;Ermatingen;2015;278111;; ; ;;278111
4806;Eschenz;2015; ;; ;-61898;;-61898
4724;Eschlikon;2015; ;; ; ;;
4561;Felben-Wellhausen;2015; ;; ; ;;
4726;Fischingen;2015; ;-19735;-20504;-471592;-125000;-636831
4566;Frauenfeld ;2015;573709;;-976360; ;;-402651
4571;Gachnang;2015;30160;; ; ;;30160
4651;Gottlieben;2015;69186;; ; ;;69186
4656;GŸttingen;2015; ;; ; ;;
4486;Hauptwil-Gottshaus;2015; ;-191004; ; ;;-191004
4416;Hefenhofen;2015; ;-121057;-39328; ;;-160385
4811;Herdern;2015; ;; ;-202446;;-202446
4495;Hohentannen;2015; ;-170876; ;-127098;;-297974
4816;Homburg;2015; ;; ;-347760;;-347760
4421;Horn;2015;223176;; ; ;;223176
4590;HŸttlingen;2015; ;-156186; ;-120412;;-276598
4821;HŸttwilen;2015; ;; ;-131296;;-131296
4666;Kemmental;2015; ;; ;-340950;;-340950
4426;Kesswil;2015;2308;; ; ;;2308
4501;Kradolf-Schšnenberg;2015; ;-493260; ; ;;-493260
4671;Kreuzlingen;2015;159089;;-1354624; ;;-1195535
4681;Langrickenbach;2015; ;-326238;-20224;-116288;;-462750
4683;Lengwil;2015; ;; ; ;;
4741;Lommis;2015; ;; ;-27393;;-27393
4826;Mammern;2015;42385;; ;-34960;;7425
4941;MŠrstetten;2015; ;; ; ;;
4591;Matzingen;2015; ;-5780;; ;;-5780
4831;MŸllheim;2015; ;-16933; ; ;;-16933
4746;MŸnchwilen;2015; ;; ; ;;
4691;MŸnsterlingen;2015;184213;; ; ;;184213
4601;Neunforn;2015;38711;; ;-84732;;-46021
4841;Pfyn ;2015; ;-67624; ;-44758;;-112382
4846;Raperswilen;2015; ;-93708; ;-103983;;-197691
4751;Rickenbach;2015; ;;-195264; ;;-195264
4431;Roggwil;2015;58053;; ; ;;58053
4436;Romanshorn;2015; ;-225941; ; ;;-225941
4851;Salenstein;2015;472309;; ; ;;472309
4441;Salmsach;2015; ;-329123; ; ;;-329123
4546;Schlatt ;2015; ;-53084; ;-94645;;-147729
4756;Schšnholzerswilen;2015; ;-301106; ;-106967;;-408073
4761;Sirnach ;2015; ;; ; ;;
4446;Sommeri;2015; ;-140156; ;-47748;;-187904
4864;Steckborn;2015; ;; ; ;;
4606;Stettfurt;2015;48756;; ; ;;48756
4506;Sulgen;2015; ;-49113; ; ;;-49113
4696;TŠgerwilen;2015;160164;; ; ;;160164
4611;Thundorf;2015; ;; ;-192685;;-192685
4776;Tobel-TŠgerschen;2015; ;-298838; ; ;;-298838
4616;Uesslingen-Buch;2015; ;; ;-212775;;-212775
4451;Uttwil;2015;60265;; ; ;;60265
4871;Wagenhausen ;2015; ;-218874; ;-28549;;-247423
4701;WŠldi ;2015; ;; ;-142140;;-142140
4781;WŠngi ;2015; ;; ; ;;
4621;Warth-Weiningen ;2015;251383;; ; ;;251383
4946;Weinfelden;2015;33364;; ; ;;33364
4951;Wigoltingen ;2015; ;-22687; ;-106490;;-129177
4786;Wilen;2015; ;; ; ;;
4791;Wuppenau;2015; ;-268816; ;-171457;;-440273
4511;Zihlschlacht-Sitterdorf ;2015;447134;; ; ;;447134
4551;Aadorf;2014;;;;;;
4711;Affeltrangen;2014;;-146323; ; ;;-146323
4641;Altnau;2014;;;;;;
4881;Amlikon-Bissegg;2014;;-160464; ;-209783;-40000;-410247
4461;Amriswil;2014;;-2662405;-202176; ;;-2864581
4401;Arbon;2014;;-326151;-897792; ;-350000;-1573943
4536;Basadingen-Schlattingen;2014;;; ;-149903;;-149903
4891;Berg;2014;;;;;;
4801;Berlingen;2014;34806;; ; ;;34806
4716;Bettwiesen;2014;8340;; ; ;;8340
4721;Bichelsee-Balterswil ;2014;;;;;;
4901;Birwinken;2014;;-382852; ;-151455;;-534307
4471;Bischofszell;2014;;;;;;
4643;Bottighofen;2014;731106;;-16936; ;;714170
4723;Braunau;2014;;-121945; ;-112556;;-234501
4911;BŸrglen ;2014;;;;;;
4921;Bussnang;2014;27283;; ;-150696;;-123413
4545;Diessenhofen;2014;15813;;-113504; ;;-97691
4406;Dozwil;2014;;-45783; ; ;;-45783
4411;Egnach;2014;;;;;;
4476;Erlen;2014;;-433326; ; ;;-433326
4646;Ermatingen;2014;268188;; ; ;;268188
4806;Eschenz;2014;;; ;-73198;;-73198
4724;Eschlikon;2014;;;;;;
4561;Felben-Wellhausen;2014;;;;;;
4726;Fischingen;2014;;-117856;-101600;-467360;-125000;-811816
4566;Frauenfeld ;2014;670843;;-968840; ;;-297997
4571;Gachnang;2014;46315;; ; ;;46315
4651;Gottlieben;2014;51193;; ; ;;51193
4656;GŸttingen;2014;;;;;;
4486;Hauptwil-Gottshaus;2014;;-256529; ; ;;-256529
4416;Hefenhofen;2014;;-241987;-49360; ;;-291347
4811;Herdern;2014;;; ;-204102;;-204102
4495;Hohentannen;2014;;-178448; ;-127926;;-306374
4816;Homburg;2014;;; ;-339480;;-339480
4421;Horn;2014;217987;; ; ;;217987
4590;HŸttlingen;2014;;-124213; ;-143927;;-268140
4821;HŸttwilen;2014;4339;; ;-190664;;-186325
4666;Kemmental;2014;;; ;-353467;;-353467
4426;Kesswil;2014;2096;; ; ;;2096
4501;Kradolf-Schšnenberg;2014;;-505246; ; ;;-505246
4671;Kreuzlingen;2014;127050;;-1158080; ;;-1031030
4681;Langrickenbach;2014;;-338710; ;-140645;;-479355
4683;Lengwil;2014;;;-11856; ;;-11856
4741;Lommis;2014;;; ;-40227;;-40227
4826;Mammern;2014;45351;; ;-52699;;-7348
4941;MŠrstetten;2014;;;;;;
4591;Matzingen;2014;;;;;;
4831;MŸllheim;2014;;;;;;
4746;MŸnchwilen;2014;;;;;;
4691;MŸnsterlingen;2014;167402;; ; ;;167402
4601;Neunforn;2014;27174;; ;-131100;;-103926
4841;Pfyn ;2014;;-109471; ;-44367;;-153838
4846;Raperswilen;2014;;-63902; ;-99429;;-163331
4751;Rickenbach;2014;;;-86016; ;;-86016
4431;Roggwil;2014;80040;; ; ;;80040
4436;Romanshorn;2014;;-370443; ; ;;-370443
4851;Salenstein;2014;421617;; ; ;;421617
4441;Salmsach;2014;;-299602; ; ;;-299602
4546;Schlatt ;2014;;-60243; ;-144917;;-205161
4756;Schšnholzerswilen;2014;;-361873; ;-127771;;-489644
4761;Sirnach ;2014;;;;;;
4446;Sommeri;2014;;-116655; ;-46460;;-163115
4864;Steckborn;2014;;;-29080; ;;-29080
4606;Stettfurt;2014;55958;; ; ;;55958
4506;Sulgen;2014;;;;;;
4696;TŠgerwilen;2014;130972;; ; ;;130972
4611;Thundorf;2014;;; ;-228068;;-228068
4776;Tobel-TŠgerschen;2014;;-173366; ; ;;-173366
4616;Uesslingen-Buch;2014;;; ;-197616;;-197616
4451;Uttwil;2014;48466;; ; ;;48466
4871;Wagenhausen ;2014;;-281373; ;-32473;;-313846
4701;WŠldi ;2014;;; ;-158746;;-158746
4781;WŠngi ;2014;;;;;;
4621;Warth-Weiningen ;2014;167838;; ; ;;167838
4946;Weinfelden;2014;84348;; ; ;;84348
4951;Wigoltingen ;2014;;-48214; ;-155457;;-203671
4786;Wilen;2014;;;;;;
4791;Wuppenau;2014;;-282861; ;-176617;;-459478
4511;Zihlschlacht-Sitterdorf ;2014;45054; ; ; ;;45054
4551;Aadorf;2013; ; ; ; ;;
4711;Affeltrangen;2013; ;-132852; ; ;;-132852
4641;Altnau;2013; ; ; ; ;;
4881;Amlikon-Bissegg;2013; ;-187353; ;-206885;-40000;-434238
4461;Amriswil;2013; ;-2716277;-300072; ;;-3016349
4401;Arbon;2013; ;-1106555;-777504; ;-170000;-2054059
4536;Basadingen-Schlattingen;2013; ; ; ;-196880;;-196880
4891;Berg;2013; ; ; ; ;;
4801;Berlingen;2013;40988; ; ; ;;40988
4716;Bettwiesen;2013; ; ; ; ;;
4721;Bichelsee-Balterswil ;2013; ; ; ; ;;
4901;Birwinken;2013; ;-385570; ;-153295;;-538865
4471;Bischofszell;2013; ; ;-133104; ;;-133104
4643;Bottighofen;2013;685704; ; ; ;;685704
4723;Braunau;2013; ;-130077; ;-147177;;-277254
4911;Bürglen ;2013; ; ;-27376; ;;-27376
4921;Bussnang;2013;41613; ; ;-199456;;-157843
4545;Diessenhofen;2013;26495; ;-84312; ;;-57817
4406;Dozwil;2013; ; ; ; ;;
4411;Egnach;2013; ; ; ; ;;
4476;Erlen;2013; ;-402993; ; ;;-402993
4646;Ermatingen;2013;265437; ; ; ;;265437
4806;Eschenz;2013; ;-81604; ;-75302;;-156906
4724;Eschlikon;2013; ; ; ; ;;
4561;Felben-Wellhausen;2013; ; ;-20288; ;;-20288
4726;Fischingen;2013; ;-211185;-41232;-474168;-170000;-896585
4566;Frauenfeld ;2013;629210; ;-957920; ;;-328710
4571;Gachnang;2013;55900; ; ; ;;55900
4651;Gottlieben;2013;38446; ; ; ;;38446
4656;Güttingen;2013;6629; ; ; ;;6629
4486;Hauptwil-Gottshaus;2013; ;-348659; ; ;-60000;-408659
4416;Hefenhofen;2013; ;-335742;-19488; ;;-355230
4811;Herdern;2013; ; ; ;-198513;;-198513
4495;Hohentannen;2013; ;-180505; ;-125028;;-305533
4816;Homburg;2013; ;-44645; ;-338330;-50000;-432975
4421;Horn;2013;229371; ; ; ;;229371
4590;Hüttlingen;2013; ;-132802; ;-169326;;-302128
4821;Hüttwilen;2013;14742; ; ;-251321;;-236579
4666;Kemmental;2013; ; ; ;-368690;;-368690
4426;Kesswil;2013;1329; ; ; ;;1329
4501;Kradolf-Schönenberg;2013; ;-483652; ; ;;-483652
4671;Kreuzlingen;2013;91815; ;-651168; ;;-559353
4681;Langrickenbach;2013; ;-274056; ;-131675;;-405731
4683;Lengwil;2013; ; ; ; ;;
4741;Lommis;2013;4502; ; ;-51750;;-47248
4826;Mammern;2013;38933; ; ;-56580;;-17647
4941;Märstetten;2013; ; ; ; ;;
4591;Matzingen;2013; ; ;; ;;
4831;Müllheim;2013; ;-59319; ; ;;-59319
4746;Münchwilen;2013; ; ; ; ;;
4691;Münsterlingen;2013;136532; ; ; ;;136532
4601;Neunforn;2013;19453; ; ;-175352;;-155899
4841;Pfyn ;2013; ;-188274; ; ;;-188274
4846;Raperswilen;2013; ;-76913; ;-101959;;-178872
4751;Rickenbach;2013; ; ;-103720; ;;-103720
4431;Roggwil;2013;96292; ; ; ;;96292
4436;Romanshorn;2013; ;-539360; ; ;;-539360
4851;Salenstein;2013;322154; ; ; ;;322154
4441;Salmsach;2013; ;-259886; ; ;;-259886
4546;Schlatt ;2013; ;-90538; ;-186760;;-277298
4756;Schönholzerswilen;2013; ;-341932; ;-165393;;-507325
4761;Sirnach ;2013; ; ; ; ;;
4446;Sommeri;2013; ;-153394; ;-46552;;-199946
4864;Steckborn;2013; ; ;-147560; ;-80000;-227560
4606;Stettfurt;2013;50240; ; ; ;;50240
4506;Sulgen;2013; ; ; ; ;;
4696;Tägerwilen;2013;119589; ; ; ;;119589
4611;Thundorf;2013; ; ; ;-244168;;-244168
4776;Tobel-Tägerschen;2013; ;-160076; ; ;;-160076
4616;Uesslingen-Buch;2013; ; ; ;-196144;;-196144
4451;Uttwil;2013;27999; ; ; ;;27999
4871;Wagenhausen ;2013; ;-288987; ;-37927;;-326914
4701;Wäldi ;2013; ; ; ;-182712;;-182712
4781;Wängi ;2013; ; ; ; ;;
4621;Warth-Weiningen ;2013;142626; ; ; ;;142626
4946;Weinfelden;2013;151322; ; ; ;;151322
4951;Wigoltingen ;2013; ;-76711; ;-103178;;-179889
4786;Wilen;2013; ; ; ; ;;
4791;Wuppenau;2013; ;-264793; ;-175007;-100000;-539800
4511;Zihlschlacht-Sitterdorf ;2013;28231; ; ; ;;28231
4551;Aadorf;2012; ; ; ; ;;
4711;Affeltrangen;2012; ;-30160; ; ;;-30160
4641;Altnau;2012;5811; ; ; ;;5811
4881;Amlikon-Bissegg;2012; ;-197068; ;-205758;-40000;-442826
4461;Amriswil;2012; ;-3092912;-295560; ;;-3388472
4401;Arbon;2012; ;-1660840;-764232; ;-170000;-2595072
4536;Basadingen-Schlattingen;2012; ; ; ;-192970;;-192970
4891;Berg;2012; ; ; ; ;;
4801;Berlingen;2012;43068; ; ; ;;43068
4716;Bettwiesen;2012;1032; ; ; ;;1032
4721;Bichelsee-Balterswil ;2012; ; ; ; ;;
4901;Birwinken;2012; ;-369670; ;-146165;-20000;-535835
4471;Bischofszell;2012; ; ;-220280; ;;-220280
4643;Bottighofen;2012;700288; ;-16880; ;;683408
4723;Braunau;2012; ;-153379; ;-129904;;-283283
4911;Bürglen ;2012; ; ; ; ;;
4921;Bussnang;2012;61600; ; ;-197892;;-136292
4545;Diessenhofen;2012;34950; ;-82968; ;;-48018
4406;Dozwil;2012; ;-40690; ; ;;-40690
4411;Egnach;2012; ; ; ; ;;
4476;Erlen;2012; ;-151972; ; ;;-151972
4646;Ermatingen;2012;265301; ; ; ;;265301
4806;Eschenz;2012; ;-110454; ;-75440;;-185894
4724;Eschlikon;2012;2846; ; ; ;;2846
4561;Felben-Wellhausen;2012; ; ;-20024; ;;-20024
4726;Fischingen;2012; ;-268553;-40864;-469936;-250000;-1029353
4566;Frauenfeld ;2012;664732; ;-752864; ;;-88132
4571;Gachnang;2012;48705; ; ; ;;48705
4651;Gottlieben;2012;45267; ; ; ;;45267
4656;Güttingen;2012;4624; ; ; ;;4624
4486;Hauptwil-Gottshaus;2012; ;-256802; ; ;-120000;-376802
4416;Hefenhofen;2012; ;-272906; ; ;;-272906
4811;Herdern;2012; ; ; ;-195822;;-195822
4495;Hohentannen;2012; ;-152522; ;-113712;-20000;-286234
4816;Homburg;2012; ;-14713; ;-336720;-100000;-451433
4421;Horn;2012;215934; ; ; ;;215934
4590;Hüttlingen;2012; ;-141026; ;-168498;;-309524
4821;Hüttwilen;2012;24965; ; ;-246652;;-221687
4666;Kemmental;2012; ; ; ;-365792;;-365792
4426;Kesswil;2012; ; ; ; ;;
4501;Kradolf-Schönenberg;2012; ;-565875; ; ;;-565875
4671;Kreuzlingen;2012; ; ;-158464; ;;-158464
4681;Langrickenbach;2012; ;-241585; ;-130525;-20000;-392110
4683;Lengwil;2012; ; ; ; ;;
4741;Lommis;2012;9448; ; ;-51336;;-41888
4826;Mammern;2012;43238; ; ;-68310;;-25072
4941;Märstetten;2012; ; ; ; ;;
4591;Matzingen;2012; ; ;; ;;
4831;Müllheim;2012; ;-49292; ; ;;-49292
4746;Münchwilen;2012; ; ; ; ;;
4691;Münsterlingen;2012;125399; ; ; ;;125399
4601;Neunforn;2012;23923; ; ;-153755;;-129832
4841;Pfyn ;2012; ;-141636; ; ;-50000;-191636
4846;Raperswilen;2012; ;-66366; ;-101453;;-167819
4751;Rickenbach;2012; ; ;-183888; ;;-183888
4431;Roggwil;2012;66790; ; ; ;;66790
4436;Romanshorn;2012; ; ; ; ;;
4851;Salenstein;2012;365943; ; ; ;;365943
4441;Salmsach;2012; ;-222396; ; ;;-222396
4546;Schlatt ;2012; ;-69157; ;-183885;;-253042
4756;Schönholzerswilen;2012; ;-295873; ;-161046;;-456919
4761;Sirnach ;2012; ; ; ; ;;
4446;Sommeri;2012; ;-170491; ;-35535;;-206026
4864;Steckborn;2012; ; ;-262224; ;-120000;-382224
4606;Stettfurt;2012;52749; ; ; ;;52749
4506;Sulgen;2012; ; ; ; ;;
4696;Tägerwilen;2012;86479; ; ; ;;86479
4611;Thundorf;2012; ; ; ;-243984;;-243984
4776;Tobel-Tägerschen;2012; ;-80189; ; ;;-80189
4616;Uesslingen-Buch;2012; ; ; ;-196696;;-196696
4451;Uttwil;2012;20546; ; ; ;;20546
4871;Wagenhausen ;2012; ;-190420; ;-37053;;-227473
4701;Wäldi ;2012; ;-29691; ;-183632;;-213323
4781;Wängi ;2012; ; ; ; ;;
4621;Warth-Weiningen ;2012;147800; ; ; ;;147800
4946;Weinfelden;2012;181218; ; ; ;;181218
4951;Wigoltingen ;2012; ;-40073; ;-149868;;-189941
4786;Wilen;2012; ; ; ; ;;
4791;Wuppenau;2012; ;-190543; ;-171143;-100000;-461686
4511;Zihlschlacht-Sitterdorf ;2012;15125; ; ; ;;15125
4551;Aadorf;2011;3380; ; ; ;;3380
4711;Affeltrangen;2011; ;-134153; ; ;;-134153
4641;Altnau;2011;1628; ; ; ;;1628
4881;Amlikon-Bissegg;2011; ;-87312; ;-202699;-20000;-310011
4461;Amriswil;2011; ;-3325929; ; ;;-3325929
4401;Arbon;2011; ;-1228916;-756672; ;;-1985588
4536;Basadingen-Schlattingen;2011; ; ; ;-194810;;-194810
4891;Berg;2011; ; ; ; ;; 
4801;Berlingen;2011;35411; ; ; ;;35411
4716;Bettwiesen;2011; ; ; ; ;; 
4721;Bichelsee-Balterswil ;2011; ; ; ; ;; 
4901;Birwinken;2011; ;-393099; ;-149270;-20000;-562369
4471;Bischofszell;2011; ; ;-349568; ;;-349568
4643;Bottighofen;2011;690837; ;-16768; ;;674069
4723;Braunau;2011; ;-123917; ;-141795;;-265712
4911;Bürglen ;2011; ; ; ; ;; 
4921;Bussnang;2011;81644; ; ;-194028;;-112384
4545;Diessenhofen;2011;49784; ;-54320; ;;-4536
4406;Dozwil;2011; ;-36544; ; ;;-36544
4411;Egnach;2011; ; ; ; ;; 
4476;Erlen;2011; ;-94804;-25408; ;;-120212
4646;Ermatingen;2011;229587; ; ; ;;229587
4806;Eschenz;2011; ;-136031; ;-38295;;-174326
4724;Eschlikon;2011;11624; ; ; ;;11624
4561;Felben-Wellhausen;2011; ; ; ; ;; 
4726;Fischingen;2011; ;-251260;-41296;-415541;-250000;-958097
4566;Frauenfeld ;2011;584907; ;-1110144; ;;-525237
4571;Gachnang;2011;21339; ; ; ;;21339
4651;Gottlieben;2011;53166; ; ; ;;53166
4656;Güttingen;2011; ; ; ; ;; 
4486;Hauptwil-Gottshaus;2011; ;-229733; ; ;-120000;-349733
4416;Hefenhofen;2011; ;-255420; ; ;;-255420
4811;Herdern;2011; ;-17993; ;-196029;;-214022
4495;Hohentannen;2011; ;-132011; ;-111320;-20000;-263331
4816;Homburg;2011; ;-25296; ;-342240;-200000;-567536
4421;Horn;2011;182247; ; ; ;;182247
4590;Hüttlingen;2011; ;-137805; ;-169947;;-307752
4821;Hüttwilen;2011;20905; ; ;-240856;;-219951
4666;Kemmental;2011; ; ; ;-367885;;-367885
4426;Kesswil;2011; ; ; ; ;; 
4501;Kradolf-Schönenberg;2011; ;-531176; ; ;;-531176
4671;Kreuzlingen;2011; ; ; ; ;; 
4681;Langrickenbach;2011; ;-262294; ;-128685;-20000;-410979
4683;Lengwil;2011;5479; ; ; ;;5479
4741;Lommis;2011;12333; ; ;-50646;;-38313
4826;Mammern;2011;45636; ; ;-67160;;-21524
4941;Märstetten;2011; ; ;-59520; ;;-59520
4591;Matzingen;2011; ;-39705;; ;;-39705
4831;Müllheim;2011; ; ; ; ;; 
4746;Münchwilen;2011; ; ; ; ;; 
4691;Münsterlingen;2011;129015; ; ; ;;129015
4601;Neunforn;2011;27809; ; ;-155848;;-128039
4841;Pfyn ;2011; ;-92207; ; ;-50000;-142207
4846;Raperswilen;2011; ;-73102; ;-100188;;-173290
4751;Rickenbach;2011; ; ;-217360; ;;-217360
4431;Roggwil;2011;72331; ; ; ;;72331
4436;Romanshorn;2011; ; ; ; ;-140000;-140000
4851;Salenstein;2011;358441; ; ; ;;358441
4441;Salmsach;2011; ;-180009; ; ;;-180009
4546;Schlatt ;2011; ;-66442; ;-184115;;-250557
4756;Schönholzerswilen;2011; ;-271537; ;-158355;;-429892
4761;Sirnach ;2011; ; ; ; ;; 
4446;Sommeri;2011; ;-163288; ;-35604;;-198892
4864;Steckborn;2011; ; ;-195832; ;;-195832
4606;Stettfurt;2011;42267; ; ; ;;42267
4506;Sulgen;2011; ; ; ; ;; 
4696;Tägerwilen;2011;106450; ; ; ;;106450
4611;Thundorf;2011; ; ; ;-240488;;-240488
4776;Tobel-Tägerschen;2011; ;-141102; ; ;;-141102
4616;Uesslingen-Buch;2011; ; ; ;-195040;;-195040
4451;Uttwil;2011;17913; ;-14008; ;;3905
4871;Wagenhausen ;2011; ;-75850; ;-37237;;-113087
4701;Wäldi ;2011; ;-91890; ;-181608;;-273498
4781;Wängi ;2011; ; ; ; ;; 
4621;Warth-Weiningen ;2011;141386; ; ; ;;141386
4946;Weinfelden;2011;241358; ; ; ;;241358
4951;Wigoltingen ;2011; ; ; ;-99130;;-99130
4786;Wilen;2011; ; ; ; ;; 
4791;Wuppenau;2011; ;-172897; ;-166635;-100000;-439532
4511;Zihlschlacht-Sitterdorf ;2011;37505; ; ; ;;37505
4551;Aadorf;2010; ; ; ; ;; 
4711;Affeltrangen;2010; ;-217589; ; ;;-217589
4641;Altnau;2010;594; ; ; ;;
4881;Amlikon-Bissegg;2010; ;-188275; ;-181720;-20000;-389995
4461;Amriswil;2010; ;-3534302; ; ;;-3534302
4401;Arbon;2010; ;-1104618;-268600; ;;-1373218
4536;Basadingen-Schlattingen;2010; ;-6201; ;-169900;;-176101
4891;Berg;2010; ; ; ; ;; 
4801;Berlingen;2010;37574; ; ; ;;37574
4716;Bettwiesen;2010; ; ; ; ;; 
4721;Bichelsee-Balterswil ;2010; ; ; ; ;; 
4901;Birwinken;2010; ;-343894; ;-129600;-20000;-493494
4471;Bischofszell;2010; ; ;-249120; ;;-249120
4643;Bottighofen;2010;683089; ;-10395; ;;672694
4723;Braunau;2010; ;-160178; ;-121860;;-282038
4911;Bürglen ;2010; ; ; ; ;; 
4921;Bussnang;2010;78037; ; ;-166320;;-88283
4545;Diessenhofen;2010;28514; ;-49710; ;;-21196
4406;Dozwil;2010; ;-71683; ; ;;-71683
4411;Egnach;2010; ; ; ; ;; 
4476;Erlen;2010; ;-170858;-47025; ;;-217883
4646;Ermatingen;2010;257221; ; ; ;;257221
4806;Eschenz;2010; ;-73234; ;-33100;;-106334
4724;Eschlikon;2010; ; ; ; ;; 
4561;Felben-Wellhausen;2010; ; ; ; ;; 
4726;Fischingen;2010; ;-306159;-128100;-358680;-230000;-1022939
4566;Frauenfeld ;2010;536855; ;-571950; ;;-35095
4571;Gachnang;2010; ; ; ; ;; 
4651;Gottlieben;2010;58839; ; ; ;;58839
4656;Güttingen;2010; ; ; ; ;; 
4486;Hauptwil-Gottshaus;2010; ;-232838; ; ;-120000;-352838
4416;Hefenhofen;2010; ;-280663; ; ;;-280663
4811;Herdern;2010; ;-106635; ;-176580;;-283215
4495;Hohentannen;2010; ;-159784; ;-94880;-30000;-284664
4816;Homburg;2010; ;-115504; ;-292600;-200000;-608104
4421;Horn;2010;143939; ; ; ;;143939
4590;Hüttlingen;2010; ;-106982; ;-149220;;-256202
4821;Hüttwilen;2010;13285; ; ;-203000;;-189715
4666;Kemmental;2010; ;-21621; ;-312060;;-333681
4426;Kesswil;2010; ; ; ; ;; 
4501;Kradolf-Schönenberg;2010; ;-549458; ; ;;-549458
4671;Kreuzlingen;2010;184938; ;-189330; ;;-4392
4681;Langrickenbach;2010; ;-345918; ;-110800;-20000;-476718
4683;Lengwil;2010;20735; ; ; ;;20735
4741;Lommis;2010; ; ; ;-43440;;-43440
4826;Mammern;2010;55913; ; ;-58400;;-2487
4941;Märstetten;2010; ; ;-49080; ;;-49080
4591;Matzingen;2010; ;-145981;; ;;-145981
4831;Müllheim;2010; ; ; ; ;; 
4746;Münchwilen;2010; ; ; ; ;; 
4691;Münsterlingen;2010;114512; ; ; ;;114512
4601;Neunforn;2010;41666; ; ;-138040;;-96374
4841;Pfyn ;2010; ;-68428; ; ;-150000;-218428
4846;Raperswilen;2010; ;-55014;-14070;-88440;-40000;-197524
4751;Rickenbach;2010; ; ;-138050; ;;-138050
4431;Roggwil;2010;80611; ; ; ;;80611
4436;Romanshorn;2010; ; ; ; ;-140000;-140000
4851;Salenstein;2010;316143; ; ; ;;316143
4441;Salmsach;2010; ;-221357;-58320; ;;-279677
4546;Schlatt ;2010; ;-64360; ;-160100;;-224460
4756;Schönholzerswilen;2010; ;-303111; ;-138600;;-441711
4761;Sirnach ;2010; ; ; ; ;; 
4446;Sommeri;2010; ;-164854; ;-31080;;-195934
4864;Steckborn;2010; ; ;-17305; ;;-17305
4606;Stettfurt;2010;47615; ; ; ;;47615
4506;Sulgen;2010; ; ; ; ;; 
4696;Tägerwilen;2010;130365; ; ; ;;130365
4611;Thundorf;2010; ; ; ;-207360;;-207360
4776;Tobel-Tägerschen;2010; ;-122682; ; ;;-122682
4616;Uesslingen-Buch;2010; ;-6575; ;-168320;;-174895
4451;Uttwil;2010;16826; ;-25665; ;;-8839
4871;Wagenhausen ;2010; ; ; ;-32060;;-32060
4701;Wäldi ;2010; ;-134481; ;-159680;;-294161
4781;Wängi ;2010; ; ; ; ;; 
4621;Warth-Weiningen ;2010;147983; ; ; ;;147983
4946;Weinfelden;2010;217464; ; ; ;;217464
4951;Wigoltingen ;2010; ;-9447; ;-127380;;-136827
4786;Wilen;2010; ;-38139; ; ;;-38139
4791;Wuppenau;2010; ;-158357; ;-142940;-79100;-380397
4511;Zihlschlacht-Sitterdorf ;2010; ; ; ; ;; 
4551;Aadorf;2009; ; ; ; ;;
4711;Affeltrangen;2009; ;-329823; ; ;;-329823
4641;Altnau;2009; ; ; ; ;; 
4881;Amlikon-Bissegg;2009; ;-226056; ;-175140;-20000;-421196
4461;Amriswil;2009; ;-3420482; ; ;;-3420482
4401;Arbon;2009; ;-436983;-200145; ;;-637128
4536;Basadingen-Schlattingen;2009; ; ; ;-165700;;-165700
4891;Berg;2009; ; ; ; ;; 
4801;Berlingen;2009;41454; ;-4150; ;;37304
4716;Bettwiesen;2009; ; ; ; ;; 
4721;Bichelsee-Balterswil ;2009; ; ; ; ;; 
4901;Birwinken;2009; ;-349856;-6515;-130300;-30000;-516671
4471;Bischofszell;2009; ; ;-219080; ;;-219080
4643;Bottighofen;2009;674288; ; ; ;;674288
4723;Braunau;2009; ;-162462; ;-107680;;-270142
4911;Bürglen ;2009; ; ; ; ;; 
4921;Bussnang;2009;93193; ; ;-166320;;-73127
4545;Diessenhofen;2009;35787; ;-32310; ;;3477
4406;Dozwil;2009; ;-51942; ; ;;-51942
4411;Egnach;2009; ; ; ; ;; 
4476;Erlen;2009; ;-502303;-46395; ;;-548698
4646;Ermatingen;2009;241593; ; ; ;;241593
4806;Eschenz;2009; ;-63322; ;-32640;;-95962
4724;Eschlikon;2009; ; ; ; ;; 
4561;Felben-Wellhausen;2009; ; ; ; ;; 
4726;Fischingen;2009; ;-396240;-130000;-364000;-254000;-1144240
4566;Frauenfeld ;2009;574647; ;-451660; ;;122987
4571;Gachnang;2009; ; ; ; ;; 
4651;Gottlieben;2009;60202; ; ; ;;60202
4656;Güttingen;2009; ; ; ; ;; 
4486;Hauptwil-Gottshaus;2009; ;-348377; ; ;-190000;-538377
4416;Hefenhofen;2009; ;-353405; ; ;;-353405
4811;Herdern;2009; ;-10498; ;-171000;;-181498
4495;Hohentannen;2009; ;-213714; ;-99200;-30000;-342914
4816;Homburg;2009; ;-204132;-7155;-286200;-200000;-697487
4421;Horn;2009;130560; ; ; ;;130560
4590;Hüttlingen;2009; ;-129794; ;-134720;;-264514
4821;Hüttwilen;2009;8503; ; ;-200620;;-192117
4666;Kemmental;2009; ;-208451; ;-308980;;-517431
4426;Kesswil;2009; ; ; ; ;; 
4501;Kradolf-Schönenberg;2009; ;-606018;-32900; ;;-638918
4671;Kreuzlingen;2009;389637; ;-276495; ;;113142
4681;Langrickenbach;2009; ;-413960; ;-111700;-25000;-550660
4683;Lengwil;2009;40153; ; ; ;;40153
4741;Lommis;2009; ; ; ;-42720;;-42720
4826;Mammern;2009;51965; ; ;-57700;;-5735
4941;Märstetten;2009; ; ;; ;; 
4591;Matzingen;2009; ;-91897;; ;;-91897
4831;Müllheim;2009; ; ;-12865; ;;-12865
4746;Münchwilen;2009; ; ; ; ;; 
4691;Münsterlingen;2009;80933; ; ; ;;80933
4601;Neunforn;2009;33544; ; ;-133840;;-100296
4841;Pfyn ;2009; ;-54766; ; ;;-54766
4846;Raperswilen;2009; ;-71771;-20200;-88880;;-180851
4751;Rickenbach;2009; ; ;-137610; ;;-137610
4431;Roggwil;2009;70879; ; ; ;;70879
4436;Romanshorn;2009; ; ; ; ;-200000;-200000
4851;Salenstein;2009;256505; ; ; ;;256505
4441;Salmsach;2009; ;-270578;-70950; ;;-341528
4546;Schlatt ;2009; ; ; ;-159500;;-159500
4756;Schönholzerswilen;2009; ;-328639; ;-138780;;-467419
4761;Sirnach ;2009; ; ; ; ;; 
4446;Sommeri;2009; ;-168145; ;-30660;-10000;-208805
4864;Steckborn;2009; ; ; ; ;; 
4606;Stettfurt;2009;32485; ; ; ;;32485
4506;Sulgen;2009; ; ; ; ;; 
4696;Tägerwilen;2009;132273; ; ; ;;132273
4611;Thundorf;2009; ; ; ;-180880;;-180880
4776;Tobel-Tägerschen;2009; ;-42969; ; ;;-42969
4616;Uesslingen-Buch;2009; ; ; ;-166560;;-166560
4451;Uttwil;2009;14144; ;-16520; ;;-2376
4871;Wagenhausen ;2009; ; ; ; ;; 
4701;Wäldi ;2009; ;-198074; ;-155200;;-353274
4781;Wängi ;2009; ; ; ; ;; 
4621;Warth-Weiningen ;2009;166624; ; ; ;;166624
4946;Weinfelden;2009;209457; ; ; ;;209457
4951;Wigoltingen ;2009; ;-138557; ;-125580;;-264137
4786;Wilen;2009; ;-131353; ; ;;-131353
4791;Wuppenau;2009; ;-174110; ;-140980;-99100;-414190
4511;Zihlschlacht-Sitterdorf ;2009; ; ; ; ;-50000;-50000
4551;Aadorf;2008; ; ; ; ;; 
4711;Affeltrangen;2008; ;-307927; ; ;;-307927
4641;Altnau;2008; ; ; ; ;; 
4881;Amlikon-Bissegg;2008; ;-351490; ;-171220;-20000;-542710
4461;Amriswil;2008; ;-3554146; ; ;;-3554146
4401;Arbon;2008; ;-511602;-327950; ;;-839552
4536;Basadingen-Schlattingen;2008; ;-42898;-8395;-134320;;-185613
4891;Berg;2008; ; ; ; ;; 
4801;Berlingen;2008;33597; ;-12180; ;;21417
4716;Bettwiesen;2008; ;-25052; ; ;;-25052
4721;Bichelsee-Balterswil ;2008; ; ; ; ;; 
4901;Birwinken;2008; ;-367483; ;-126500;-30000;-523983
4471;Bischofszell;2008; ; ;-163980; ;;-163980
4643;Bottighofen;2008;626642; ; ; ;;626642
4723;Braunau;2008; ;-185041; ;-107680;;-292721
4911;Bürglen ;2008; ; ; ; ;; 
4921;Bussnang;2008;99096; ;-10170;-162720;;-73794
4545;Diessenhofen;2008;44025; ;-47400; ;;-3375
4406;Dozwil;2008; ;-66544; ; ;;-66544
4411;Egnach;2008; ; ; ; ;; 
4476;Erlen;2008; ;-578818;-46170; ;;-624988
4646;Ermatingen;2008;228989; ; ; ;;228989
4806;Eschenz;2008; ;-51403; ;-32380;;-83783
4724;Eschlikon;2008;10826; ; ; ;;10826
4561;Felben-Wellhausen;2008; ; ; ; ;; 
4726;Fischingen;2008; ;-360302;-102760;-359660;-253700;-1076422
4566;Frauenfeld ;2008;738069; ;-223130; ;;514939
4571;Gachnang;2008; ; ; ; ;; 
4651;Gottlieben;2008;51972; ; ; ;;51972
4656;Güttingen;2008; ; ; ; ;; 
4486;Hauptwil-Gottshaus;2008; ;-337695; ; ;-202000;-539695
4416;Hefenhofen;2008; ;-372721; ; ;;-372721
4811;Herdern;2008; ;-32915; ;-165960;;-198875
4495;Hohentannen;2008; ;-274910; ;-97120;-30000;-402030
4816;Homburg;2008; ;-293765;-7165;-286600;-200000;-787530
4421;Horn;2008;123398; ; ; ;;123398
4590;Hüttlingen;2008; ;-113539; ;-133920;;-247459
4821;Hüttwilen;2008;7672; ; ;-198240;;-190568
4666;Kemmental;2008; ;-186925; ;-308420;;-495345
4426;Kesswil;2008; ; ; ; ;; 
4501;Kradolf-Schönenberg;2008; ;-657789;-48225; ;;-706014
4671;Kreuzlingen;2008;553455; ;-271995; ;;281460
4681;Langrickenbach;2008; ;-373056; ;-109900;-25000;-507956
4683;Lengwil;2008;24249; ; ; ;;24249
4741;Lommis;2008; ; ; ;-41960;;-41960
4826;Mammern;2008;54128; ; ;-46800;;7328
4941;Märstetten;2008; ; ;; ;; 
4591;Matzingen;2008; ;-29074;; ;;-29074
4831;Müllheim;2008; ;-27206;-12480; ;;-39686
4746;Münchwilen;2008; ; ; ; ;; 
4691;Münsterlingen;2008;49970; ; ; ;;49970
4601;Neunforn;2008;15176; ; ;-130620;;-115444
4841;Pfyn ;2008; ;-107806; ; ;;-107806
4846;Raperswilen;2008; ;-65426;-13895;-87340;-40000;-206661
4751;Rickenbach;2008;18941; ;-134805; ;;-115864
4431;Roggwil;2008;48707; ; ; ;;48707
4436;Romanshorn;2008; ; ; ; ;; 
4851;Salenstein;2008;216717; ; ; ;;216717
4441;Salmsach;2008; ;-354895;-71775; ;;-426670
4546;Schlatt ;2008; ; ; ;-157400;;-157400
4756;Schönholzerswilen;2008; ;-311440; ;-135180;;-446620
4761;Sirnach ;2008; ; ; ; ;; 
4446;Sommeri;2008; ;-176684; ;-29820;;-206504
4864;Steckborn;2008; ; ; ; ;; 
4606;Stettfurt;2008;38382; ; ; ;;38382
4506;Sulgen;2008; ; ; ; ;; 
4696;Tägerwilen;2008;119465; ; ; ;;119465
4611;Thundorf;2008; ;-82427; ;-178220;;-260647
4776;Tobel-Tägerschen;2008; ; ; ; ;; 
4616;Uesslingen-Buch;2008; ;-15899; ;-167360;;-183259
4451;Uttwil;2008;9345; ;-8020; ;;1325
4871;Wagenhausen ;2008; ;-9534; ; ;;-9534
4701;Wäldi ;2008; ;-213840; ;-153600;;-367440
4781;Wängi ;2008; ; ; ; ;; 
4621;Warth-Weiningen ;2008;167612; ; ; ;;167612
4946;Weinfelden;2008;160371; ; ; ;;160371
4951;Wigoltingen ;2008; ;-297959;-21260;-85040;;-404259
4786;Wilen;2008; ;-133914; ; ;;-133914
4791;Wuppenau;2008; ;-175291; ;-141120;-99100;-415511
4511;Zihlschlacht-Sitterdorf ;2008; ;-197117; ; ;-50000;-247117
